<?xml version="1.0" encoding="UTF-8"?>
<project-private xmlns="http://www.netbeans.org/ns/project-private/1">
    <editor-bookmarks xmlns="http://www.netbeans.org/ns/editor-bookmarks/2" lastBookmarkId="0"/>
    <open-files xmlns="http://www.netbeans.org/ns/projectui-open-files/2">
        <group>
            <file>file:/C:/Users/Usuario/Desktop/progra/codigos/ESPE202011-FP-GEO-3285/Exams/Unit%203/ExamFinal/src/ec/edu/espe/waterResources/view/FrmWaterSources.java</file>
            <file>file:/C:/Users/Usuario/Desktop/progra/codigos/ESPE202011-FP-GEO-3285/Exams/Unit%203/ExamFinal/src/ec/edu/espe/waterResources/model/WaterResources.java</file>
            <file>file:/C:/Users/Usuario/Desktop/progra/codigos/ESPE202011-FP-GEO-3285/Exams/Unit%203/ExamFinal/src/Utils/FileManager.java</file>
            <file>file:/C:/Users/Usuario/Desktop/progra/codigos/ESPE202011-FP-GEO-3285/Exams/Unit%203/ExamFinal/src/examfinal/ExamFinal.java</file>
            <file>file:/C:/Users/Usuario/Desktop/progra/codigos/ESPE202011-FP-GEO-3285/Exams/Unit%203/ExamFinal/src/ec/edu/espe/waterResources/controller/WaterResourcesController.java</file>
        </group>
    </open-files>
</project-private>
