<?xml version="1.0" encoding="UTF-8"?>
<project-private xmlns="http://www.netbeans.org/ns/project-private/1">
    <editor-bookmarks xmlns="http://www.netbeans.org/ns/editor-bookmarks/2" lastBookmarkId="0"/>
    <open-files xmlns="http://www.netbeans.org/ns/projectui-open-files/2">
        <group>
            <file>file:/C:/Users/HP/OneDrive/Escritorio/CODE/ESPE202011-FP-GEO-3285/EXAM/Unit3/ExamFPCareer/src/ec/edu/espe/companysystem/controller/FileManager.java</file>
            <file>file:/C:/Users/HP/OneDrive/Escritorio/CODE/ESPE202011-FP-GEO-3285/EXAM/Unit3/ExamFPCareer/src/ec/edu/espe/companysystem/model/Career.java</file>
            <file>file:/C:/Users/HP/OneDrive/Escritorio/CODE/ESPE202011-FP-GEO-3285/EXAM/Unit3/ExamFPCareer/src/ec/edu/espe/companysystem/controller/CareerController.java</file>
            <file>file:/C:/Users/HP/OneDrive/Escritorio/CODE/ESPE202011-FP-GEO-3285/EXAM/Unit3/ExamFPCareer/src/ec/edu/espe/companysystem/view/FrmCareer.java</file>
        </group>
    </open-files>
</project-private>
