<?xml version="1.0" encoding="UTF-8"?>
<project-private xmlns="http://www.netbeans.org/ns/project-private/1">
    <editor-bookmarks xmlns="http://www.netbeans.org/ns/editor-bookmarks/2" lastBookmarkId="0"/>
    <open-files xmlns="http://www.netbeans.org/ns/projectui-open-files/2">
        <group>
            <file>file:/C:/Users/Acer/Documents/NetBeansProjects/ESPE202011-FP-GEO-3285/exams/unit%203/MartinezMQ11Food/src/martinezmq11food/MartinezMQ11Food.java</file>
            <file>file:/C:/Users/Acer/Documents/NetBeansProjects/ESPE202011-FP-GEO-3285/exams/unit%203/MartinezMQ11Food/src/ec/edu/espe/food/model/Food.java</file>
            <file>file:/C:/Users/Acer/Documents/NetBeansProjects/ESPE202011-FP-GEO-3285/exams/unit%203/MartinezMQ11Food/src/ec/edu/espe/food/view/FrmFood.java</file>
            <file>file:/C:/Users/Acer/Documents/NetBeansProjects/ESPE202011-FP-GEO-3285/exams/unit%203/MartinezMQ11Food/src/ec/edu/espe/food/controller/FoodCOntroller.java</file>
            <file>file:/C:/Users/Acer/Documents/NetBeansProjects/ESPE202011-FP-GEO-3285/exams/unit%203/MartinezMQ11Food/src/utils/FileManager.java</file>
        </group>
    </open-files>
</project-private>
