<?xml version="1.0" encoding="UTF-8"?>
<project-private xmlns="http://www.netbeans.org/ns/project-private/1">
    <editor-bookmarks xmlns="http://www.netbeans.org/ns/editor-bookmarks/2" lastBookmarkId="0"/>
    <open-files xmlns="http://www.netbeans.org/ns/projectui-open-files/2">
        <group>
            <file>file:/C:/Users/CLIENTE/Desktop/Semestre%202/Programacion/codigos/ESPE2020--FP-GEO-3285/Exams/Unit%203/ExamFptTheodolite/src/ec/edu/espe/Theodolite/model/Theodolite.java</file>
            <file>file:/C:/Users/CLIENTE/Desktop/Semestre%202/Programacion/codigos/ESPE2020--FP-GEO-3285/Exams/Unit%203/ExamFptTheodolite/src/ec/edu/espe/Theodolite/controller/TheodoliteController.java</file>
            <file>file:/C:/Users/CLIENTE/Desktop/Semestre%202/Programacion/codigos/ESPE2020--FP-GEO-3285/Exams/Unit%203/ExamFptTheodolite/src/Utils/FileManager.java</file>
            <file>file:/C:/Users/CLIENTE/Desktop/Semestre%202/Programacion/codigos/ESPE2020--FP-GEO-3285/Exams/Unit%203/ExamFptTheodolite/src/ec/edu/espe/Theodolite/view/FrmTheodolite.java</file>
        </group>
    </open-files>
</project-private>
