<?xml version="1.0" encoding="UTF-8"?>
<project-private xmlns="http://www.netbeans.org/ns/project-private/1">
    <editor-bookmarks xmlns="http://www.netbeans.org/ns/editor-bookmarks/2" lastBookmarkId="0"/>
    <open-files xmlns="http://www.netbeans.org/ns/projectui-open-files/2">
        <group>
            <file>file:/C:/Users/Sony/Desktop/Programacion/ESPE202011_FP_GEO-3285/Exam/Nueva%20Carpeta/University/src/ec/edu/espe/University/model/University.java</file>
            <file>file:/C:/Users/Sony/Desktop/Programacion/ESPE202011_FP_GEO-3285/Exam/Nueva%20Carpeta/University/src/ec/edu/espe/University/controller/UniversityController.java</file>
            <file>file:/C:/Users/Sony/Desktop/Programacion/ESPE202011_FP_GEO-3285/Exam/Nueva%20Carpeta/University/src/ec/edu/espe/University/view/FrmUniversity.java</file>
            <file>file:/C:/Users/Sony/Desktop/Programacion/ESPE202011_FP_GEO-3285/Exam/Nueva%20Carpeta/University/src/Utils/FileManager.java</file>
            <file>file:/C:/Users/Sony/Desktop/Programacion/ESPE202011_FP_GEO-3285/Exam/Nueva%20Carpeta/University/build.xml</file>
        </group>
    </open-files>
</project-private>
