<?xml version="1.0" encoding="UTF-8"?>
<project-private xmlns="http://www.netbeans.org/ns/project-private/1">
    <editor-bookmarks xmlns="http://www.netbeans.org/ns/editor-bookmarks/2" lastBookmarkId="0"/>
    <open-files xmlns="http://www.netbeans.org/ns/projectui-open-files/2">
        <group>
            <file>file:/C:/Users/Thomas%20Chavez/Desktop/ESPE202011-GEO-3285/workshops/unit%203/W27/PetShop/src/ec/edu/espe/petshop/model/Cat.java</file>
            <file>file:/C:/Users/Thomas%20Chavez/Desktop/ESPE202011-GEO-3285/workshops/unit%203/W27/PetShop/src/ec/edu/espe/petshop/controller/CatController.java</file>
            <file>file:/C:/Users/Thomas%20Chavez/Desktop/ESPE202011-GEO-3285/workshops/unit%203/W27/PetShop/src/ecedu/espe/petshop/view/FrmCat.java</file>
            <file>file:/C:/Users/Thomas%20Chavez/Desktop/ESPE202011-GEO-3285/workshops/unit%203/W27/PetShop/src/utils/FileManager.java</file>
            <file>file:/C:/Users/Thomas%20Chavez/Desktop/ESPE202011-GEO-3285/workshops/unit%203/W27/PetShop/src/petshop/PetShop.java</file>
        </group>
    </open-files>
</project-private>
