<?xml version="1.0" encoding="UTF-8"?>
<project-private xmlns="http://www.netbeans.org/ns/project-private/1">
    <editor-bookmarks xmlns="http://www.netbeans.org/ns/editor-bookmarks/2" lastBookmarkId="0"/>
    <open-files xmlns="http://www.netbeans.org/ns/projectui-open-files/2">
        <group>
            <file>file:/C:/Users/Domenica/OneDrive/Desktop/Programacion/codigos%20github/ESPE202011-FP-GEO-3285/Exams/unit%203/ExamFpComputers/src/ec/espe/edu/ComputersSystem/view/frmComputer.java</file>
            <file>file:/C:/Users/Domenica/OneDrive/Desktop/Programacion/codigos%20github/ESPE202011-FP-GEO-3285/Exams/unit%203/ExamFpComputers/src/ec/espe/edu/ComputersSystem/controller/ComputerController.java</file>
            <file>file:/C:/Users/Domenica/OneDrive/Desktop/Programacion/codigos%20github/ESPE202011-FP-GEO-3285/Exams/unit%203/ExamFpComputers/src/ec/espe/edu/ComputersSystem/model/Computer.java</file>
            <file>file:/C:/Users/Domenica/OneDrive/Desktop/Programacion/codigos%20github/ESPE202011-FP-GEO-3285/Exams/unit%203/ExamFpComputers/src/utils/FileManager.java</file>
        </group>
    </open-files>
</project-private>
