<?xml version="1.0" encoding="UTF-8"?>
<project-private xmlns="http://www.netbeans.org/ns/project-private/1">
    <editor-bookmarks xmlns="http://www.netbeans.org/ns/editor-bookmarks/2" lastBookmarkId="0"/>
    <open-files xmlns="http://www.netbeans.org/ns/projectui-open-files/2">
        <group>
            <file>file:/C:/Users/Alessio/Desktop/PROGRAMACION%20WORKSHIP/PARCIAL%201/ESPE202011-FP-GEO-3285/EXAMS/UNIT3/ExamFPSportEvent/src/ec/edu/espe/examfpsportevent/model/SportEvent.java</file>
            <file>file:/C:/Users/Alessio/Desktop/PROGRAMACION%20WORKSHIP/PARCIAL%201/ESPE202011-FP-GEO-3285/EXAMS/UNIT3/ExamFPSportEvent/src/utils/FileManager.java</file>
            <file>file:/C:/Users/Alessio/Desktop/PROGRAMACION%20WORKSHIP/PARCIAL%201/ESPE202011-FP-GEO-3285/EXAMS/UNIT3/ExamFPSportEvent/src/ec/edu/espe/examfpsportevent/view/FrmSportEvent.java</file>
            <file>file:/C:/Users/Alessio/Desktop/PROGRAMACION%20WORKSHIP/PARCIAL%201/ESPE202011-FP-GEO-3285/EXAMS/UNIT3/ExamFPSportEvent/src/ec/edu/espe/examfpsportevent/controller/SportEventController.java</file>
        </group>
    </open-files>
</project-private>
