<?xml version="1.0" encoding="UTF-8"?>
<project-private xmlns="http://www.netbeans.org/ns/project-private/1">
    <editor-bookmarks xmlns="http://www.netbeans.org/ns/editor-bookmarks/2" lastBookmarkId="0"/>
    <open-files xmlns="http://www.netbeans.org/ns/projectui-open-files/2">
        <group>
            <file>file:/C:/Users/Personal/OneDrive/Espe/FP/ESPE2020-FP-GEO-3285/workshops/unit3/ExamFarmContinent/src/utils/FileManager.java</file>
            <file>file:/C:/Users/Personal/OneDrive/Espe/FP/ESPE2020-FP-GEO-3285/workshops/unit3/ExamFarmContinent/src/ec/edu/espe/continent/controler/ContinentController.java</file>
            <file>file:/C:/Users/Personal/OneDrive/Espe/FP/ESPE2020-FP-GEO-3285/workshops/unit3/ExamFarmContinent/src/ec/edu/espe/continent/view/FrmContinent.java</file>
            <file>file:/C:/Users/Personal/OneDrive/Espe/FP/ESPE2020-FP-GEO-3285/workshops/unit3/ExamFarmContinent/src/ec/edu/espe/continent/molde/Continent.java</file>
        </group>
    </open-files>
</project-private>
