<?xml version="1.0" encoding="UTF-8"?>
<project-private xmlns="http://www.netbeans.org/ns/project-private/1">
    <editor-bookmarks xmlns="http://www.netbeans.org/ns/editor-bookmarks/2" lastBookmarkId="0"/>
    <open-files xmlns="http://www.netbeans.org/ns/projectui-open-files/2">
        <group>
            <file>file:/C:/Users/Thomas%20Chavez/Desktop/ESPE202011-GEO-3285/EXAMS/unit%203/EXAM%20FP%20-Toys/src/ec/edu/espe/jugueton/model/Toy.java</file>
            <file>file:/C:/Users/Thomas%20Chavez/Desktop/ESPE202011-GEO-3285/EXAMS/unit%203/EXAM%20FP%20-Toys/src/utils/FileManager.java</file>
            <file>file:/C:/Users/Thomas%20Chavez/Desktop/ESPE202011-GEO-3285/EXAMS/unit%203/EXAM%20FP%20-Toys/src/ec/edu/espe/jugueton/view/FrmToy.java</file>
            <file>file:/C:/Users/Thomas%20Chavez/Desktop/ESPE202011-GEO-3285/EXAMS/unit%203/EXAM%20FP%20-Toys/src/exam/fp/toys/EXAMFPToys.java</file>
            <file>file:/C:/Users/Thomas%20Chavez/Desktop/ESPE202011-GEO-3285/EXAMS/unit%203/EXAM%20FP%20-Toys/src/ec/edu/espe/jugueton/controller/ToyController.java</file>
        </group>
    </open-files>
</project-private>
